{"cameraMode":{"drawMode":0,"name":"Shaded","section":"Shading Mode"},"sceneLighting":true,"audioPlay":false,"sceneViewState":{"m_AlwaysRefresh":false,"showFog":true,"showSkybox":true,"showFlares":true,"showImageEffects":true,"showParticleSystems":true,"showVisualEffectGraphs":true,"m_FxEnabled":true},"in2DMode":false,"pivot":{"x":7.278242111206055,"y":1.3901114463806153,"z":3.979994773864746},"rotation":{"x":-0.14492236077785493,"y":0.07059650123119354,"z":-0.010350675322115422,"w":-0.9868655204772949},"size":5.755958080291748,"orthographic":false}